movie_id,rating
129,PG
1333100,NR
12477,NR
533514,PG
1244492,NR
2011,PG-13
680813,PG-13
441130,PG
149871,PG
128,PG-13
372058,PG
8392,G
283566,NR
378064,NR
8587,G
86517,
13377,G
303867,
381028,
10386,PG
489412,
652837,
40662,PG-13
504253,
22504,
362585,R
126319,PG
8885,R
110420,PG
183011,PG-13
81,PG
856,PG
1311031,R
997317,NR
810693,PG-13
14813,G
4935,PG
508883,PG-13
713776,PG
572154,NR
618344,R
537061,PG
13187,NR
36865,PG-13
9662,PG-13
15080,PG
110416,PG
10515,PG
12429,G
838240,NR
812225,PG-13
682012,PG
11621,PG
10494,R
13353,G
812,G
20722,
573730,R
508965,PG
635302,R
476292,NR
10895,G
408,G
212162,
9081,R
37797,G
149,R
916224,PG
712454,PG
16234,PG
21712,
13398,PG-13
568012,PG-13
378108,PG-13
33320,PG
41201,PG
435129,PG-13
337703,PG
4977,R
9323,NR
10674,G
1575337,PG
1012201,PG-13
13396,G
16859,G
592350,PG-13
568160,PG-13
10857,
21348,PG
472983,G
13980,PG
14282,NR
14092,
250480,G
76589,PG-13
149870,PG-13
37135,G
1357633,R
1062807,PG-13
732203,
586940,
553600,PG-13
505262,PG-13
18874,
340357,
16306,PG
71689,G
13151,PG
11049,PG
92321,G
26963,NR
11704,G
242828,PG
315465,PG-13
51739,G
11544,PG
1165642,PG
804370,PG
802401,PG-13
776305,PG
14069,NR
71883,NR
53565,G
503314,PG
475946,PG-13
396899,
330081,R
120811,
223706,PG
9606,PG-13
354857,PG
292177,G
9385,
594328,G
42994,PG-13
1056444,PG
995133,G
947219,PG
887870,NR
820067,
11688,G
63498,NR
9837,PG
666243,R
361705,NR
3170,G
10882,G
11360,G
11224,G
20007,G
15916,NR
41498,PG-13
14919,PG
11299,R
11970,G
55931,NR
1159311,PG-13
900667,PG-13
828898,R
664996,PG-13
10545,G
13754,R
504827,PG-13
642538,PG-13
521296,PG
530079,
15374,G
10340,G
9325,G
49565,
14572,PG-13
30060,NR
15999,R
317442,PG-13
22843,NR
28874,PG
321528,PG-13
69735,PG-13
339877,PG-13
9444,G
761898,PG-13
587092,NR
579741,PG
35,PG-13
15283,G
10150,G
10198,G
430214,PG-13
510318,PG-13
474395,PG
453364,
52032,
22501,
51859,PG-13
176983,PG-13
144288,
11837,PG
347201,PG-13
83389,PG
198375,PG-13
15370,G
51162,G
38142,PG
242643,PG-13
916192,PG-13
913001,PG
870360,PG
768744,PG-13
32536,NR
15242,G
20677,PG-13
13479,G
508422,PG
610892,
12092,G
10693,G
413770,
17074,PG
45752,PG
21832,NR
39108,PG
14003,PG-13
15359,PG-13
15137,PG-13
126963,PG-13
1295026,NR
1067282,R
895006,PG-13
820232,PG-13
781816,NR
53210,NR
15805,NR
20043,PG-13
667520,PG
560052,PG
430447,PG
475215,PG
228692,
28808,PG-13
64847,
12613,PG-13
15575,NR
100271,PG
19933,G
113082,
103269,PG-13
12140,PG-13
9994,G
895003,PG-13
234284,PG-13
323027,PG-13
53211,NR
9929,
12144,G
453191,G
487670,PG-13
487242,R
24232,NR
25078,
14571,NR
13246,G
64246,PG-13
296917,NR
20982,PG-13
118406,PG-13
80518,PG-13
16198,PG
212167,NR
34433,
166076,PG-13
408647,PG-13
366924,PG-13
9023,G
408220,R
10948,G
1338799,NR
1216221,R
1014505,R
646265,PG-13
586810,NR
789708,
24662,G
16907,PG-13
34003,NR
49948,G
39105,PG
13465,NR
618354,PG-13
532067,
620249,PG
537056,PG-13
21452,PG
17101,PG-13
14711,NR
9463,NR
9318,
79707,PG
411736,PG
11319,G
182131,
38060,
734002,R
15171,G
39107,PG
37910,
413594,PG-13
137227,PG
437220,NR
34295,R
31347,
42360,PG-13
26662,PG-13
267970,
19877,NR
21793,G
17681,NR
24752,PG
823,R
11135,G
217993,PG-13
379291,PG-13
3509,R
9016,PG
269246,NR
67409,NR
53217,NR
65291,PG
56590,PG
34067,PG
39148,
72215,
464882,PG
537059,PG-13
487672,PG-13
22752,G
11848,G
15947,G
9078,G
22537,PG-13
27273,
20771,G
362584,R
20410,
25961,G
52264,PG
32916,G
15601,PG
21057,PG-13
12924,
118412,R
15567,G
3179,PG-13
1857,PG
1047041,
942881,PG
798544,
186919,
732450,R
47388,NR
53219,NR
17581,PG-13
13851,PG-13
44729,PG-13
37100,NR
52954,NR
47626,PG
436120,PG
471474,R
537055,PG-13
482150,
390634,R
41077,
22561,PG
35648,
27716,R
22914,NR
23153,
23155,
21422,PG-13
17165,PG-13
15371,
17445,PG-13
22855,PG-13
14011,PG-13
10837,G
251519,PG-13
15789,G
741335,NR
36161,
88018,NR
14132,
18143,NR
585077,NR
372754,PG-13
283984,R
445030,R
49418,
374856,
26945,
22611,G
18839,PG-13
347413,
18861,PG-13
39324,NR
1362,PG
13225,G
12335,G
1539104,R
513347,PG-13
1104844,PG-13
64202,NR
573531,PG-13
877957,PG
48617,
76420,PG-13
10865,PG
10501,PG
72640,NR
390635,R
526429,NC-17
492999,R
28476,G
19738,
311054,
8983,NR
23154,
20986,
23151,
15877,PG-13
51786,G
366170,PG
12902,G
357786,R
16910,PG-13
20077,NR
16340,G
258893,PG
13691,G
24615,NR
8953,PG-13
152795,NR
15400,G
13640,PG-13
142061,PG-13
11430,G
10530,G
1308681,NR
629078,
876792,PG-13
16440,R
685274,PG-13
32022,PG-13
50300,NR
59387,PG
714194,
13350,NR
16366,G
14317,PG
13354,NR
88601,NR
95414,
677638,G
494407,G
410661,
42521,
553837,
29204,R
23167,
428707,
379088,R
245917,
21453,NR
30074,NR
23446,PG-13
73245,PG-13
39057,G
34065,PG
14903,G
15433,
36897,G
28609,PG
225745,PG-13
13682,G
22586,G
16119,G
9732,G
811948,PG-13
1155089,PG-13
912598,PG
31967,R
36163,
414831,NR
14411,PG
7450,PG
39205,PG-13
633844,R
582881,
26672,G
15227,
68555,PG-13
25278,PG-13
111224,NR
14945,
39100,PG
21683,PG
14609,PG-13
11827,R
11497,G
4978,G
297556,PG-13
123025,PG-13
10009,G
2300,PG
418956,
903939,
795522,NR
80741,
15655,G
81900,G
3171,
83765,NR
36162,
34463,NR
84092,PG
23544,NR
16157,NR
33441,NR
36257,G
22500,
17234,G
44756,PG-13
24787,NR
13194,R
151535,G
47292,G
201223,PG-13
9642,
10380,G
10957,PG
1012652,R
893712,NR
766423,
97787,PG
64711,NR
618353,R
53220,NR
16808,G
39102,
31135,G
642121,
587563,
52971,
436931,NR
46929,G
37280,
49802,
45974,G
45287,
97375,PG-13
257512,PG-13
39204,PG-13
77617,PG-13
41066,
433422,PG-13
20558,G
13158,R
36218,PG
364111,
919,R
15653,G
12233,G
1458844,R
845387,PG-13
842859,
776660,
678458,
80357,
39144,
50087,G
222715,
604605,
36079,
553839,
47759,
13850,G
11047,
51942,R
39230,NR
31718,G
83091,
39202,PG-13
37211,NR
255413,PG-13
16390,G
12903,G
14258,
119321,G
12593,NC-17
13355,NR
44251,NR
2791,NR
10715,PG
16355,G
980431,
896499,
862491,PG-13
839033,PG-13
77304,
185025,G
44725,PG-13
52952,
34228,G
615165,
134103,NR
682153,
632632,
571265,G
357407,
655431,
483455,PG-13
559566,R
13757,NR
70841,
511082,NR
18837,
456611,NR
28764,PG-13
39207,PG-13
59298,
16516,PG
39203,PG-13
41394,G
15035,PG
211755,PG-13
75624,PG-13
19405,G
8868,
196750,R
123,PG
12610,PG
45162,PG-13
1322752,PG
1304434,NR
433157,PG-13
857862,
843906,
43967,NR
464198,
53224,NR
12609,
10228,G
704264,NR
85444,
44727,PG-13
25831,G
38577,
44468,
36129,
461615,R
452970,PG-13
526426,NC-17
507569,PG-13
559562,R
14906,NR
52795,
70089,
39229,NR
45288,
31112,G
13759,G
154738,
378106,PG-13
333622,
432131,
71172,
257475,
44730,PG-13
16990,PG-13
152044,PG-13
152042,PG-13
50388,
21956,G
135531,PG-13
36728,PG-13
33875,G
257346,PG-13
14444,G
13205,G
11114,G
10010,G
20760,PG
1146972,NR
831405,R
46126,NR
32539,
541867,PG-13
37585,
73901,NR
11625,
13417,G
66105,
44728,PG-13
35435,
626767,
162804,
264170,
680952,
510242,R
460399,PG-13
347183,
483685,
17922,
245538,PG-13
21356,PG
45295,
33539,G
16767,R
239367,
17421,PG
34942,G
15981,
116776,PG
19165,G
25913,G
50723,PG-13
212168,R
13190,NR
28032,G
15997,G
18937,G
334376,
21316,G
1326106,NR
1086591,NR
1056803,NR
887357,PG-13
32534,
106112,NR
74961,NR
88765,NR
42518,G
13676,PG
13654,G
629014,
566555,PG-13
15718,G
81850,
33534,
184608,
48246,G
23452,
24554,G
19164,G
21078,G
19576,
240341,R
10991,G
75629,PG-13
16690,G
382322,R
39354,
1399914,PG
1203329,R
1145612,PG-13
1144107,
938567,
828900,R
426156,G
566466,
461763,
100246,NR
39104,PG
34933,NR
67661,
462677,
514710,PG
154727,
23521,G
438058,PG-13
316873,PG-13
228805,PG-13
24251,G
38594,
88557,G
33719,G
239523,PG-13
594188,PG-13
19004,G
20455,PG
408648,PG-13
12242,G
1230393,R
42025,NR
989730,PG-13
883768,NR
32531,
85221,
44179,
11238,G
21036,
39103,NR
464154,
91815,NR
24500,
54482,NR
515295,PG-13
51528,
19953,G
20343,G
218726,PG
384345,
19961,
19247,NR
260516,
42001,G
30143,PG-13
22520,
56828,NR
19386,G
13679,
122583,PG-13
37433,
172329,
1361,NR
23166,
212153,PG-13
25587,G
279254,R
18269,G
373879,PG-13
48624,NC-17
1030587,
846993,PG
545742,PG-13
34929,NR
88762,NR
39145,
44734,
83090,
631132,NR
28550,G
127409,
67572,NR
575222,PG
117352,
89458,
31769,
268899,NR
252520,
374853,
212156,
41017,
24102,G
17337,G
25556,G
350499,G
9369,G
39101,
169934,PG-13
1396965,
1231574,PG
1128606,G
1030588,NR
284557,
872976,PG-13
144904,NR
3126,G
13700,PG
14787,
662638,
27287,G
277095,
83797,NR
67713,
40372,NR
61080,G
32328,G
72214,NR
52686,
188403,
30628,
461762,
495925,PG
24034,PG
49076,G
372761,PG-13
297189,PG-13
39206,PG-13
17566,
36868,NR
34297,PG-13
51482,PG-13
44731,PG-13
11243,G
97187,
537921,R
1015724,G
843241,PG-13
791343,
71129,
101806,NR
628964,PG
215180,PG-13
31352,
379686,PG
53478,NR
477777,
428288,
618851,PG-13
197725,G
37024,
37021,
347186,
40123,
461758,PG-13
567006,R
33322,
39228,NR
30575,PG
19594,G
261339,G
357400,PG-13
75571,PG
26730,G
431819,PG-13
23127,R
351065,NR
12600,G
15139,G
37933,PG-13
1397163,NR
1359607,PG-13
1263421,R
1209290,PG-13
998731,
428142,
278901,
99678,
39896,NR
128679,
116315,
116351,
45665,
73714,
305143,G
100311,
52955,G
134758,
117084,
43580,G
165095,
98613,
106164,
86184,
38563,
387470,
59803,
55374,NR
357416,
332169,PG-13
20523,
91088,
17433,NR
28460,PG
39977,
46304,
17710,PG
20694,PG
18890,G
1372489,
1106904,
139753,
795564,
106583,
47466,
36881,
33444,NR
587873,
47217,
20683,
382190,G
608826,
33600,NR
36751,PG
128883,
128868,G
357405,
31933,G
185526,
54648,G
54113,G
150213,G
242546,R
17009,G
23903,G
13313,G
15969,G
589026,NR
1322218,R
85051,
19042,G
410113,G
59717,
8965,G
10898,G
33376,G
24926,G
471495,
47166,G
477779,
493006,
28697,
105444,
95935,
128871,
350650,PG
109526,
329365,
77859,PG-13
53064,
44587,R
47747,
9497,
16402,R
311056,
31726,G
24556,G
303903,PG
20235,G
55215,NR
22582,G
15657,G
86791,
441291,
56191,
1233361,
1223178,
1117609,
1030419,
881211,G
32535,
32533,NR
36072,
165718,NR
221300,
64789,
39106,PG
67166,G
79443,PG
58159,NR
426242,
66834,NR
161715,
161822,
14088,
80607,G
25400,G
239529,PG-13
212161,
50253,
36972,NR
196761,NR
7092,PG-13
73529,NR
9948,G
536552,
1316745,
37928,
14173,
44840,NR
40375,
214676,
163786,
134162,
477447,R
431808,PG-13
98299,G
333623,
20378,G
347200,
372752,PG-13
48874,
1216512,PG
1209288,PG-13
1096648,
968868,R
874743,PG-13
201300,
782054,
67790,NR
742872,
34935,
62182,
100247,
371236,G
719088,NR
254273,
31732,
423336,
41313,NR
494471,
192904,
160642,
103124,G
378240,
28969,G
42070,
13798,G
366978,
89623,G
214553,PG-13
13351,G
93013,
37048,
342588,
55892,NR
1484453,G
1400794,
1201387,NR
829920,
145931,
88013,
145961,
109323,NR
193691,
375079,
631193,
100395,NR
40482,NR
105325,G
28360,NR
81424,
433281,
160446,G
461083,
608085,
109301,NR
153599,
66045,
77248,
129465,
419094,
59593,NR
38567,PG-13
404114,
28302,G
115223,G
171823,
227679,PG
14128,G
1419053,
968870,R
874745,PG-13
645440,
68449,
46033,PG-13
76346,G
587317,PG-13
199414,
59178,
475935,
477776,
455411,G
88625,
161704,
31309,G
27300,NR
70927,
293271,G
19975,G
368708,
212970,
64809,
540141,NR
422347,PG-13
61591,
372751,
347187,
119685,R
11052,PG
16225,R
13683,G
13761,G
77674,
1189199,NR
1129610,NR
1128604,G
1044343,G
1021679,PG-13
67703,NR
91204,NR
48504,
35105,
84319,NR
83200,G
66816,NR
32529,
663881,
145963,
650498,NR
472516,
481760,PG-13
630027,
528225,G
21769,
41078,
29682,NR
161707,
67253,
162092,
35927,G
62736,
136686,
59297,
253987,
401043,
47296,G
16228,NR
219250,
31473,G
16508,G
35614,G
13376,PG-13
14873,G
1148677,
787561,
118792,
48486,
31595,PG-13
285763,
83202,PG
145969,
250906,
37556,NR
507562,G
573683,
587870,NR
496891,
609202,PG-13
162095,
52482,G
44424,
78139,
76190,
150023,
57224,
12630,G
44283,G
403850,
397366,
19016,G
27653,G
23527,
83088,
357411,R
1227694,
1221404,
36154,
8128,
198102,
298015,G
256765,
220845,G
628483,
36748,G
103956,
338379,
128973,
91142,
85398,
22779,NR
51943,
105280,
54491,G
128875,
428862,
448967,
16308,PG-13
31049,PG-13
50482,PG-13
47288,G
40728,PG-13
22466,G
53566,G
109080,
36201,PG
26542,NR
58107,
338103,G
441294,
441319,
441331,
784500,PG-13
203101,
448969,
87785,
729775,
117853,
58704,
87069,
145977,
145967,
39170,
166795,
134750,
42067,PG-13
616020,
68368,
624812,
586945,
62961,
83203,G
81604,
42515,NR
47567,
30606,
184004,
448441,NR
477449,R
424656,G
12448,G
441120,
154189,PG
262833,
441298,
1192735,
1097434,
840873,PG-13
791344,
163772,G
680041,
637202,
113254,
113252,
159893,NR
89905,
84480,
100307,NR
42776,
68625,NR
474659,
48661,G
147576,
61666,
14683,R
39961,G
80865,
632458,
1395140,NR
1284004,PG
1108306,
931034,PG-13
312173,
760758,
203847,G
731249,
27213,NR
172133,
532961,
418189,
32638,
74785,G
14368,
307696,NR
160332,
64777,
45378,PG-13
155017,
84488,
64152,G
31599,PG-13
51985,G
428292,R
137193,
230599,PG
94684,R
339526,G
73530,R
1157408,
441339,
441337,
1360829,NR
947643,
148311,
1012404,
915403,PG-13
280507,
60843,
622841,
186383,
31050,PG-13
21174,
358632,
32873,
359549,
72205,
207249,
72188,
67851,
553610,
136241,
80868,
32202,R
104154,
30863,R
44885,NR
19789,G
48625,
122662,R
14239,PG-13
441135,
441317,
441332,
975490,G
865767,
322686,
637462,
65665,
166610,
30491,
146053,
214163,
28152,NR
99899,
453575,G
570269,R
80861,
215503,
519159,
73799,
125405,NR
72565,
33037,G
72016,
116369,
47556,
28214,NR
109572,PG-13
68263,PG-13
115969,
204755,
114372,
229756,PG-13
441336,
1508427,
1160901,
438465,
1056133,NR
1015602,
128956,
44454,
693356,
146747,G
507732,NC-17
34052,
127824,
16364,PG
404250,
464305,
189071,
48331,
54200,NR
76722,
31053,PG-13
125521,
31051,
162103,
225086,
55958,
364728,
949580,G
930821,R
163754,G
68638,
128887,
189696,
27757,
146061,
146059,
146072,
203848,G
51686,
375462,
539140,
460400,
127408,
532323,NR
142527,
161699,
189068,
338380,
51330,
18948,G
45851,
135915,
16226,NR
502216,NR
1293461,G
955666,
843243,
100165,NR
168202,
146074,
80398,
607033,
55443,
71128,
57123,
125565,
567767,
529589,
38565,
461078,
19256,
179930,PG-13
41365,
38954,
163394,
53894,
239526,
394326,
114371,
123867,
74842,
15485,G
1600672,
1531453,
918428,
801293,
127327,
38952,
305974,
128754,
741770,
118932,
288097,
338383,
338382,
542507,
179923,PG-13
203715,
16860,
105231,
1005252,
1358947,PG
1172228,
919609,
72696,
85811,
146058,
39405,
60964,
31594,PG-13
416401,
572616,PG-13
21250,G
146062,
559519,
136601,
301513,
612087,
90008,
196462,
589082,
29131,G
125513,PG
20089,
56127,
34375,
117314,
66454,PG
239530,
39319,
737931,
1542877,
1317276,NR
997086,PG
52458,
64169,G
426183,
129213,PG-13
47486,
746880,
21770,
80863,PG-13
128867,
315945,PG
86011,NR
291015,
185896,
482722,
71444,
19257,
179933,PG-13
26546,
14307,
16224,R
18068,G
44667,
20756,G
14829,
515915,
1230477,
988099,
597029,
414064,
300442,
208624,
645439,
22679,
315520,
189077,
48215,
16257,NR
145756,
515056,
66628,
76729,
162069,
25525,PG-13
374056,
162072,
133481,
34194,
506215,
1474048,R
432133,
1282280,
1223194,
1179822,
820530,NR
85790,
426518,
160393,
345715,
35589,
497537,
128753,
277218,
25079,
95814,
188682,NR
282915,
27867,
62447,
36523,G
516052,
150027,
57635,
179934,PG-13
412383,
52439,
179931,PG-13
179932,PG-13
26595,
50237,R
166823,NR
267963,
114370,
55426,PG-13
364982,
1172229,
1051942,
73716,
910850,NR
793333,
165682,
80079,
166614,
563689,
63486,G
211825,
59467,
716668,
74623,
172591,
87442,
53452,NR
39045,G
348289,
256439,G
26368,
373394,
627093,G
64168,G
150026,
86161,
24154,
118408,
154501,
36198,G
60669,
80089,PG-13
1404404,
1287324,
1173976,
1119211,
991190,
192591,
37297,G
808604,
80536,
68367,NR
64170,G
84155,
68516,
67090,
90450,
394253,
73792,
76847,
109340,NR
146523,
64154,G
126150,
128396,
42313,PG
56609,
85797,
33371,G
462455,
67010,NR
80857,
80866,PG-13
297188,
33838,G
99306,
53269,
131726,
55430,PG-13
1557933,NR
1061771,
1385773,
1184951,
1051192,
942766,PG
918429,
561817,
812306,
516684,
258407,
833013,
175066,
273452,
55296,
551591,
726550,
469154,
632088,
711683,
74619,
494064,
415547,
247029,
85311,
97907,NR
380770,
56069,
128878,
98952,
150028,
150024,
500376,
36613,
297676,
55438,PG-13
1548774,
1543565,
1470329,
1220441,
949581,G
937369,
918427,
257514,
843269,NR
80142,
118410,
248043,
236308,
674683,
214157,
168273,
326146,
323389,
90937,
80860,PG-13
34834,
326904,
31034,NR
70337,
139287,
85802,NR
76721,
100371,NR
265829,
179453,
125510,
87270,
55437,PG-13
55435,PG-13
1166569,
1439741,
1310672,PG-13
1282837,
1094448,
991364,
970522,
959646,
893250,
843267,
218769,
78260,
432128,
42180,
418605,
506643,
141521,
326148,
314102,
166684,
635684,
635686,
648457,
182768,
80405,
181522,
432057,
85799,
120437,
47341,
74617,
211814,NR
222960,NR
144920,
30620,
37049,G
85796,
547912,
58828,NR
51106,PG-13
67583,NR
22503,
72557,G
50716,
1264338,
249424,G
568024,
1214138,PG-13
1211650,
1053075,
1117291,
900497,
507022,
1068607,PG-13
413164,
55566,NR
831775,
132382,
620138,
179883,
470639,
271540,
34577,
84752,
172124,
140974,
150434,
466574,
213706,
172347,
270482,
48101,
103368,
85806,
709071,
351802,
553932,
57869,
51415,
88852,NR
36132,
69131,
390539,
84160,
67128,NR
34102,
34037,
680113,
33176,PG-13
137502,
45932,
431230,NR
1353778,
257473,
1000092,
935017,
872865,
829424,
62455,
790092,
393528,
68364,
256838,
526464,
658562,
500626,
74621,
271948,
71449,
55615,
251385,
372762,
325567,
326238,
552490,
74622,
346026,G
76740,
103672,
110395,PG
88882,NC-17
186969,
85793,
187695,NR
374206,
300773,
475997,
280439,
22809,
648969,
636963,
123950,
46219,PG
146006,
81531,
464038,PG-13
239366,PG-13
276903,
1418665,
1362429,PG-13
1263462,
1143875,
1068602,
994319,
994311,
975030,
849420,
813707,
266566,
164471,
62450,
597419,
83212,
55881,
120422,
571573,
153577,
259169,
749401,
50742,
290062,
39267,
71494,
75175,
193336,
305396,
667347,
390832,
647994,
179985,
117347,
174712,
249246,G
235289,
68892,
109355,NR
68406,NR
268266,
301515,
67841,
246663,
112538,
112545,
63420,
42073,R
178011,
256768,
42076,
222471,
496349,
372765,
641909,
39954,
56362,
102973,NR
923659,
379152,
255510,
48405,PG-13
55880,
334361,
178618,
41421,NR
316301,
579567,
757683,
49734,
100684,PG
412381,
75177,
87636,
305404,
63422,
245010,
415288,
53997,
39690,
172418,
60705,R
284755,
132318,
334724,
87958,NR
120115,PG
38564,
77194,
357413,
75915,
91515,
310576,
551589,
579562,
579564,
76427,
33469,
85792,
479248,
198411,
212471,
659896,
45392,
266121,
112157,
48279,R
1185781,
71914,
1126000,
1110680,
621244,
968993,
48509,
900002,
399371,
442253,
445953,
843248,
432058,
131378,
132515,
540700,
179998,
383527,
60777,
64703,NR
111608,
326924,
287098,
88879,NR
134053,
284235,
171942,
67788,
64701,NR
366640,
134828,
178335,PG
51096,
215000,
395337,
59719,PG-13
233715,
737520,NR
308810,
9984,NR
411931,
66991,NR
57198,NR
332172,
266116,
53012,
53773,NR
412037,
276646,
44604,
550080,
64148,G
373522,
34772,NR
404663,NR
411060,
1298095,
1062937,
156507,
73713,
859058,
828883,
599654,
409379,
679879,NR
247415,
48819,
216651,
73712,
483322,
402023,
37326,R
444483,
99643,
416979,
413365,
480294,
360192,
306292,
88856,
536108,
723252,
259907,
64503,
62454,
145973,
467169,NR
39952,
245928,
76731,
106335,
203102,
106109,
573554,
68508,NR
49245,
404532,
103782,NR
67625,NR
476934,
110812,
121139,
150342,
1452267,
1038886,G
1064869,
90110,NC-17
255518,
218362,
159304,
120856,
115104,
73715,
148923,
551228,
251432,
398613,
61726,
449245,
495197,
405049,
60637,
166706,
208488,
71251,PG-13
106201,
96926,
142356,
134830,
725064,
673423,NR
34775,
649523,
400147,
66032,
404616,
150220,
44310,
342708,
40576,
68828,PG-13
335084,
69840,
507455,NR
1226221,
1407700,
637016,NR
248904,
999588,
385920,
394829,
134831,NR
52242,
662780,
60706,
374785,
265718,
175772,
547031,
166696,
166690,
155529,
155661,
34466,
62371,
582825,
169482,
148301,
43477,G
73797,
226235,
85794,
52466,
400139,
166697,
176408,
66880,
655731,
513106,NR
73722,
1421025,
1361054,
161863,
235407,
411063,
63234,
134879,
168861,
211000,NR
410584,
409385,
89617,
167947,
411217,
131589,
358723,
324621,
90826,
656271,
326025,
87209,NR
67164,NR
174822,
336041,
36839,
28557,
71595,
23503,PG-13
467859,NC-17
166715,
530693,
1404020,
961020,NR
78694,G
810752,
334725,
784988,
101380,
635681,
334227,
166688,
73708,
37319,G
391690,
73461,
64593,NR
334393,
416445,
345886,
209690,
64663,NR
64658,
64704,
285857,
1280400,
1209058,PG
1199260,
1103711,
933166,G
340898,
236244,
215657,
162683,
258725,
626218,
174405,NR
73710,
272363,
417179,
687166,
166787,
403346,
182217,
363013,
55431,PG-13
309194,NR
272698,NR
421594,
465610,
307697,
360913,
254151,
553614,
486174,
734930,
425304,NR
291309,G
33868,
62429,
108183,
404508,
208260,
91675,
122946,
265838,
367256,
641609,
870359,PG
367548,
205191,
64659,NR
212648,
504276,
297221,
351512,
381194,
73684,NR
200627,
337848,
23504,PG
64595,
64698,NR
410154,NR
938608,G
279598,
135305,
64707,NR
210828,
56664,
424931,
1300447,NR
1126314,
403039,
974069,
469912,
365294,
70032,
88799,NR
60933,NR
920022,
519040,
483459,
534515,
324247,NR
360615,
1520936,NR
74038,
911361,
757767,
701932,
1399540,
410600,
35755,
689918,
18881,
441288,
1616600,
1619651,
1614688,NR
1610538,
840875,
359878,
413272,
1566471,
219031,
1551201,
1547811,
1542261,
1526874,
1522362,
1519809,
457303,
1510627,
1068215,
1507419,
1498730,
170807,
1492347,
1469405,
1467486,
1465063,
1461201,
1459248,
958900,
1457550,
1448917,
1320669,
1441453,
1438229,
1420616,
1030712,
1410345,
1405206,
1404214,
1403836,
1396445,
1382601,
1374121,
1372277,
1372276,
1372274,
1372270,
1372267,
1372264,
1365872,
1360600,
417784,
1358411,NR
1353292,
1352836,
1346722,
1341617,
369489,
1322562,
1321953,
1313216,
1312292,
1302296,
1302291,
1302238,
1300685,
1300683,
1300543,
1294004,
1293133,
1293125,
532716,
1279246,
1275369,
1274261,
935326,
1266540,
1266528,
1263013,
1095633,
1095630,
412382,
680216,
1240299,
1200444,
1231583,
1228764,
1228769,
1228762,
1228748,
1228758,
1228753,
326287,
1225370,
1222233,
1218203,
1215143,
1215142,
1148706,
1192013,
1188872,
1185776,G
1183415,
1178790,
1174063,
624374,
473197,
434359,
1154800,
1154621,
497164,
1151861,
498280,
1143842,
1142556,
1142554,
1141165,
522278,
502419,
1059341,
400788,
1129779,
1129729,
1129229,
1126002,
1124020,
496183,NR
590757,
1115310,
1115297,
1115286,
300837,
1111897,
1106568,
1102968,
1102431,
316286,
314208,
1090213,
1088937,
386453,
148527,
1087784,
1088006,
1083837,
1074897,
202052,
1066977,
1062071,
374493,
1057218,NR
1057440,
136242,
1048492,
1048002,
552545,
1030422,
1030420,
629188,
522511,
1025437,
1023603,
1022794,
1021765,
1020647,NC-17
1021315,
1020760,
645987,
646206,
1009097,
1008431,
1000606,
996815,
996830,
404389,
993262,
205330,
990558,
608842,
342540,
986715,
985716,
982391,
978622,
598104,
975974,
969054,
968454,
968412,
412821,
965164,NR
959960,
957012,
557444,
950863,
354554,
45721,
943583,
943511,
943766,
456332,
941804,
941666,
941506,
531377,
319781,
48503,
352067,
523310,
414432,
538538,
939765,
423918,
935476,
531554,
931341,
326497,
928691,
929017,
928685,
927665,
573742,
922936,
443096,
911700,
651194,
904267,
316616,
484115,
426849,NR
439569,
352068,
64009,
893243,
890167,
890179,
890571,
890188,
889730,NR
886308,
883482,
883095,
882047,
522861,
880998,
454079,
705951,
431006,
359180,
870729,
871165,
458537,
352071,
865847,
647538,
860104,
860229,PG
859183,
858805,
82147,
857515,
441886,
854788,
522332,
847815,
847406,
845494,
845445,
466569,
286510,
424074,
836598,
673325,
836600,
836311,
306290,
369491,
434365,
831750,
602927,
118411,
462584,
637607,
822072,
528640,
415704,
356455,
469393,
811276,
531460,
522334,
434345,
522340,
408819,
399388,
326236,
803875,
626203,
364489,
801845,
347351,
715520,
798051,
270898,
262050,
253870,
242995,
239243,
236934,
236526,
236447,
222689,
219583,
219568,
215029,
205711,
576898,
197762,
196319,
175902,
106333,
96872,
48338,
502499,
563776,
348304,
161606,
400341,
421020,
788331,NR
786425,
646220,
137894,
218664,
512252,
784307,
335073,
161688,
621240,
780797,
426846,NR
226263,
716728,
778304,
417700,
432059,
775157,
67033,
770966,
409375,
224203,G
768551,
280825,
325238,
491356,
661892,
452949,
577134,
230644,
23721,
75818,G
68800,
763776,
763383,
763696,
410587,
520883,
763211,
172377,
427029,
762694,
86646,
377885,
226253,
316466,
637065,
760765,NR
760634,
413223,
512109,
418452,
758514,
584466,
226249,
226248,
144007,
194992,
755741,
755417,
226255,
221180,
578762,
522272,
753515,NR
156162,
500540,
466000,
619472,
751745,
235547,
235763,
235012,
187795,
474512,
526766,
237364,
584550,
492131,
543438,
747817,
360304,
432373,
62434,
700078,
210123,G
701087,
197931,
126741,
146095,
700512,
482290,
125464,
374519,
32933,G
532717,
374523,
174396,
468612,
71004,
264931,
695638,
530438,
501750,
64657,NR
235831,
447227,
326908,
170808,
81969,G
73724,
564755,
334221,
66033,R
265826,
656140,
547228,
420938,
382456,
382132,
360760,
357233,
394444,
502424,
387750,
226259,
369436,
668846,
579148,
406304,
668693,
450709,
342924,
502502,
369432,
366027,
381215,
445903,
529667,
258156,PG-13
41444,
495457,
525219,
125094,
730010,
729540,
365309,
420072,
333942,
372757,
725498,
391643,
719087,
622652,
442279,
146090,
146084,
411712,PG-13
731522,
162975,
740803,
741453,
492124,
280594,
220668,
658565,NR
168478,
549139,
144211,
141141,NR
621963,
456475,
253967,
742427,
166685,
334210,
90782,
608371,
255570,
429122,
424338,
529375,
738942,
615439,
701881,
701879,
279987,
174259,
734950,
166299,
165990,
190315,
406776,
236876,
166791,
734049,
343009,
248415,
695115,NR
268199,
410387,
243195,NR
551803,
52691,
565368,
453538,
595504,
83602,
203117,
442877,
226232,
522503,
128938,
69861,
334900,
179992,NR
54657,
626832,
502165,
68497,NR
413330,
408129,
335050,
336044,
130944,
699025,
98634,
722139,
53668,G
360570,
283859,
373032,
719467,
335351,
177578,
464262,
365566,
709394,
72954,
23502,
280725,
201521,
220563,
522504,
266555,
331399,
436056,
467972,
190472,
456478,
256170,
153936,G
237052,
362102,
663241,
430389,
327310,
352066,
622411,
394067,
300447,
291560,
236542,
608396,
300032,
35883,
139017,
119055,
64660,
56316,
164978,
64705,NR
540294,PG-13
701351,
39089,NR
222668,
444936,
187334,
491667,
327307,
496835,
132225,
102070,
16218,
1188273,
1569665,
1567571,
1554575,
1545540,
1529051,
1523749,
1518447,
1506339,
1495141,
1493337,
1271329,
1479946,
1474373,
1469450,
1449117,
1429357,
1427356,
1397722,
1393337,
1389334,
1389332,
1370344,
1367079,
1366381,
1337487,
1336331,
1317728,
1293964,
1283192,
1281797,
1268977,
920167,
1242032,
1232176,
1231718,
1228755,
1175506,
1136027,
1042504,
1027903,
646211,
1007347,
945900,
902934,
865977,NR
863811,
845192,
838320,
823271,
703753,
795504,
358812,
690199,
548663,
745313,
720636,
736019,
